%dir,flowInd,flowStat,timeFirst,timeLast,duration,numHdrDesc,numHdrs,hdrDesc,srcMac,dstMac,ethType,vlanID,srcIP,srcIPCC,srcIPOrg,srcPort,dstIP,dstIPCC,dstIPOrg,dstPort,l4Proto,macStat,macPairs,srcMac_dstMac_numP,srcMacLbl_dstMacLbl,dstPortClassN,dstPortClass,numPktsSnt,numPktsRcvd,numBytesSnt,numBytesRcvd,minPktSz,maxPktSz,avePktSize,stdPktSize,minIAT,maxIAT,aveIAT,stdIAT,pktps,bytps,pktAsm,bytAsm,tcpFStat,ipMindIPID,ipMaxdIPID,ipMinTTL,ipMaxTTL,ipTTLChg,ipToS,ipFlags,ipOptCnt,ipOptCpCl_Num,ip6OptCntHH_D,ip6OptHH_D,tcpISeqN,tcpPSeqCnt,tcpSeqSntBytes,tcpSeqFaultCnt,tcpPAckCnt,tcpFlwLssAckRcvdBytes,tcpAckFaultCnt,tcpBFlgtMx,tcpInitWinSz,tcpAveWinSz,tcpMinWinSz,tcpMaxWinSz,tcpWinSzDwnCnt,tcpWinSzUpCnt,tcpWinSzChgDirCnt,tcpWinSzThRt,tcpFlags,tcpAnomaly,tcpOptPktCnt,tcpOptCnt,tcpOptions,tcpMSS,tcpWS,tcpMPTBF,tcpMPF,tcpMPAID,tcpMPDSSF,tcpTmS,tcpTmER,tcpEcI,tcpUtm,tcpBtm,tcpSSASAATrip,tcpRTTAckTripMin,tcpRTTAckTripMax,tcpRTTAckTripAve,tcpRTTAckTripJitAve,tcpRTTSseqAA,tcpRTTAckJitAve,tcpStatesAFlags,icmpStat,icmpTCcnt,icmpBFTypH_TypL_Code,icmpTmGtw,icmpEchoSuccRatio,icmpPFindex,connSip,connDip,connSipDip,connSipDprt,connF,connG,connNumPCnt,connNumBCnt
A,10,0x0400000000004000,1690491779,1690491781,1.13078,1,3,eth:ipv4:tcp,40:06:d5:ed:7d:02,5c:e9:1e:6a:fd:c6,0x0800,,57.128.11.39,ch,MAINT-APNIC-AP,33512,134.190.181.17,ca,Dalhousie University,22,6,0x00,1,40:06:d5:ed:7d:02_5c:e9:1e:6a:fd:c6_2,-_-,22,ssh,2,0,0,0,0,0,0,0,0,1.13078,0.56539,0.3997911,1.768691,0,1,0,0x0013,1,1,51,51,0,0x00,0x0040,0,0x00_0x00000000,0_0,0x00000000_0x00000000,2261743796,0,0,0,0,0,0,0,29200,29200,29200,29200,0,0,0,0,0x0002,0x0001,2,10,0x0000011e,1380,0,0x0000,0x00,0,0x00,754428279,0,0.1,75442829.02,1615048951,0,65535,0,0,0,0,0,0x03,0x00,0,0x00000000_0x00000000_0x0000,0x00000000,0,0,1,2,1,1,1,1,2,0
A,3,0x0400000000004000,1690491774,1690491774,0,1,3,eth:ipv4:udp,5c:e9:1e:6a:fd:c6,40:06:d5:ed:7d:02,0x0800,,134.190.181.17,ca,Dalhousie University,68,172.30.100.203,5,Private network,67,17,0x00,1,5c:e9:1e:6a:fd:c6_40:06:d5:ed:7d:02_1,-_-,67,bootps,1,1,300,300,300,300,300,0,0,0,0,0,0,0,0,0,0x0001,65535,0,64,64,0,0x00,0x0000,0,0x00_0x00000000,0_0,0x00000000_0x00000000,0,0,0,0,0,0,0,0,0,0,0,0,0,0,0,0,0x0000,0x0000,0,0,0x00000000,0,0,0x0000,0x00,0,0x00,0,0,0,0,0,0.005940992,0.005940992,0.005940992,0.005940992,0,0.005940992,0,0x00,0x00,0,0x00000000_0x00000000_0x0000,0x00000000,0,0,2,1,2,2,1,1,851,159243
B,3,0x0400000000004001,1690491774,1690491774,0,1,3,eth:ipv4:udp,40:06:d5:ed:7d:02,5c:e9:1e:6a:fd:c6,0x0800,,172.30.100.203,5,Private network,67,134.190.181.17,ca,Dalhousie University,68,17,0x00,1,40:06:d5:ed:7d:02_5c:e9:1e:6a:fd:c6_1,-_-,67,bootps,1,1,300,300,300,300,300,0,0,0,0,0,0,0,0,0,0x0001,65535,0,63,63,0,0x00,0x0040,0,0x00_0x00000000,0_0,0x00000000_0x00000000,0,0,0,0,0,0,0,0,0,0,0,0,0,0,0,0,0x0000,0x0000,0,0,0x00000000,0,0,0x0000,0x00,0,0x00,0,0,0,0,0,0,65535,0,0,0,0.005940992,0,0x00,0x00,0,0x00000000_0x00000000_0x0000,0x00000000,0,0,1,2,1,1,1,1,1,300
A,11,0x0400000000004000,1690491899,1690491899,0,1,3,eth:ipv4:tcp,40:06:d5:ed:7d:02,5c:e9:1e:6a:fd:c6,0x0800,,176.120.106.71,ua,LANNNETUA-MNT,7918,134.190.181.17,ca,Dalhousie University,80,6,0x00,1,40:06:d5:ed:7d:02_5c:e9:1e:6a:fd:c6_1,-_-,80,http,1,0,0,0,0,0,0,0,0,0,0,0,0,0,1,0,0x0011,65535,0,244,244,0,0x00,0x0040,0,0x00_0x00000000,0_0,0x00000000_0x00000000,3085344995,0,0,0,0,0,0,0,14600,14600,14600,14600,0,0,0,0,0x0002,0x1000,0,0,0x00000000,0,0,0x0000,0x00,0,0x00,0,0,0,0,0,0,65535,0,0,0,0,0,0x03,0x00,0,0x00000000_0x00000000_0x0000,0x00000000,0,0,1,1,1,1,1,1,1,0
A,6,0x0400000000004000,1690491777,1690491957,180.020755,1,3,eth:ipv4:igmp,40:06:d5:ed:7d:02,01:00:5e:00:00:01,0x0800,,134.190.176.1,ca,Dalhousie University,0,224.0.0.1,10,All Systems on this Subnet,0,2,0x00,1,40:06:d5:ed:7d:02_01:00:5e:00:00:01_4,#NAME?,0,unknown,4,0,0,0,0,0,0,0,0,60.00719,45.00519,19.52788,0.02221966,0,1,0,0x0001,2433,2791,1,1,0,0xc0,0x0000,4,0x80_0x00100000,0_0,0x00000000_0x00000000,0,0,0,0,0,0,0,0,0,0,0,0,0,0,0,0,0x0000,0x0000,0,0,0x00000000,0,0,0x0000,0x00,0,0x00,0,0,0,0,0,0,65535,0,0,0,0,0,0x00,0x00,0,0x00000000_0x00000000_0x0000,0x00000000,0,0,1,6,1,1,1,1,4,0
A,12,0x0400000000004000,1690492038,1690492038,0,1,3,eth:ipv4:tcp,40:06:d5:ed:7d:02,5c:e9:1e:6a:fd:c6,0x0800,,35.203.210.201,us,Google LLC,62656,134.190.181.17,ca,Dalhousie University,48190,6,0x00,1,40:06:d5:ed:7d:02_5c:e9:1e:6a:fd:c6_1,-_-,48190,unknown,1,0,0,0,0,0,0,0,0,0,0,0,0,0,1,0,0x0011,65535,0,254,254,0,0x00,0x0000,0,0x00_0x00000000,0_0,0x00000000_0x00000000,2184518053,0,0,0,0,0,0,0,65320,65320,65320,65320,0,0,0,0,0x0002,0x1000,1,1,0x00000004,1380,0,0x0000,0x00,0,0x00,0,0,0,0,0,0,65535,0,0,0,0,0,0x03,0x00,0,0x00000000_0x00000000_0x0000,0x00000000,0,0,1,1,1,1,1,1,2,0
A,13,0x0400000000004000,1690492192,1690492192,0,1,3,eth:ipv4:tcp,40:06:d5:ed:7d:02,5c:e9:1e:6a:fd:c6,0x0800,,175.24.95.105,cn,Tencent cloud computing,47156,134.190.181.17,ca,Dalhousie University,6379,6,0x00,1,40:06:d5:ed:7d:02_5c:e9:1e:6a:fd:c6_1,-_-,6379,unknown,1,0,0,0,0,0,0,0,0,0,0,0,0,0,1,0,0x0011,65535,0,254,254,0,0x00,0x0000,0,0x00_0x00000000,0_0,0x00000000_0x00000000,2771778499,0,0,0,0,0,0,0,29200,29200,29200,29200,0,0,0,0,0x0002,0x1000,1,1,0x00000004,1380,0,0x0000,0x00,0,0x00,0,0,0,0,0,0,65535,0,0,0,0,0,0x03,0x00,0,0x00000000_0x00000000_0x0000,0x00000000,0,0,1,2,1,1,1,1,3,0
A,14,0x0400000000004000,1690492246,1690492246,0,1,3,eth:ipv4:tcp,40:06:d5:ed:7d:02,5c:e9:1e:6a:fd:c6,0x0800,,107.155.56.246,us,Zenlayer Inc,42490,134.190.181.17,ca,Dalhousie University,3306,6,0x00,1,40:06:d5:ed:7d:02_5c:e9:1e:6a:fd:c6_1,-_-,3306,mysql,1,0,0,0,0,0,0,0,0,0,0,0,0,0,1,0,0x0011,65535,0,254,254,0,0x00,0x0000,0,0x00_0x00000000,0_0,0x00000000_0x00000000,3043853653,0,0,0,0,0,0,0,28240,28240,28240,28240,0,0,0,0,0x0002,0x1000,1,1,0x00000004,1380,0,0x0000,0x00,0,0x00,0,0,0,0,0,0,65535,0,0,0,0,0,0x03,0x00,0,0x00000000_0x00000000_0x0000,0x00000000,0,0,1,1,13,13,13,1,17,0
A,15,0x0400000000004000,1690492250,1690492250,0,1,3,eth:ipv4:tcp,40:06:d5:ed:7d:02,5c:e9:1e:6a:fd:c6,0x0800,,107.155.56.246,us,Zenlayer Inc,46888,134.190.181.17,ca,Dalhousie University,3306,6,0x00,1,40:06:d5:ed:7d:02_5c:e9:1e:6a:fd:c6_1,-_-,3306,mysql,1,0,0,0,0,0,0,0,0,0,0,0,0,0,1,0,0x0011,65535,0,254,254,0,0x00,0x0000,0,0x00_0x00000000,0_0,0x00000000_0x00000000,1456108127,0,0,0,0,0,0,0,28240,28240,28240,28240,0,0,0,0,0x0002,0x1000,1,1,0x00000004,1380,0,0x0000,0x00,0,0x00,0,0,0,0,0,0,65535,0,0,0,0,0,0x03,0x00,0,0x00000000_0x00000000_0x0000,0x00000000,0,0,1,1,12,12,12,1,17,0
A,16,0x0400000000004000,1690492255,1690492255,0,1,3,eth:ipv4:tcp,40:06:d5:ed:7d:02,5c:e9:1e:6a:fd:c6,0x0800,,107.155.56.246,us,Zenlayer Inc,51400,134.190.181.17,ca,Dalhousie University,3306,6,0x00,1,40:06:d5:ed:7d:02_5c:e9:1e:6a:fd:c6_1,-_-,3306,mysql,1,0,0,0,0,0,0,0,0,0,0,0,0,0,1,0,0x0011,65535,0,254,254,0,0x00,0x0000,0,0x00_0x00000000,0_0,0x00000000_0x00000000,2059629406,0,0,0,0,0,0,0,28240,28240,28240,28240,0,0,0,0,0x0002,0x1000,1,1,0x00000004,1380,0,0x0000,0x00,0,0x00,0,0,0,0,0,0,65535,0,0,0,0,0,0x03,0x00,0,0x00000000_0x00000000_0x0000,0x00000000,0,0,1,1,11,11,11,1,17,0
A,17,0x0400000000004000,1690492259,1690492259,0,1,3,eth:ipv4:tcp,40:06:d5:ed:7d:02,5c:e9:1e:6a:fd:c6,0x0800,,107.155.56.246,us,Zenlayer Inc,56046,134.190.181.17,ca,Dalhousie University,3306,6,0x00,1,40:06:d5:ed:7d:02_5c:e9:1e:6a:fd:c6_1,-_-,3306,mysql,1,0,0,0,0,0,0,0,0,0,0,0,0,0,1,0,0x0011,65535,0,254,254,0,0x00,0x0000,0,0x00_0x00000000,0_0,0x00000000_0x00000000,2289505859,0,0,0,0,0,0,0,28240,28240,28240,28240,0,0,0,0,0x0002,0x1000,1,1,0x00000004,1380,0,0x0000,0x00,0,0x00,0,0,0,0,0,0,65535,0,0,0,0,0,0x03,0x00,0,0x00000000_0x00000000_0x0000,0x00000000,0,0,1,1,10,10,10,1,17,0
A,18,0x0400000000004000,1690492264,1690492264,0,1,3,eth:ipv4:tcp,40:06:d5:ed:7d:02,5c:e9:1e:6a:fd:c6,0x0800,,107.155.56.246,us,Zenlayer Inc,60296,134.190.181.17,ca,Dalhousie University,3306,6,0x00,1,40:06:d5:ed:7d:02_5c:e9:1e:6a:fd:c6_1,-_-,3306,mysql,1,0,0,0,0,0,0,0,0,0,0,0,0,0,1,0,0x0011,65535,0,254,254,0,0x00,0x0000,0,0x00_0x00000000,0_0,0x00000000_0x00000000,3778989287,0,0,0,0,0,0,0,28240,28240,28240,28240,0,0,0,0,0x0002,0x1000,1,1,0x00000004,1380,0,0x0000,0x00,0,0x00,0,0,0,0,0,0,65535,0,0,0,0,0,0x03,0x00,0,0x00000000_0x00000000_0x0000,0x00000000,0,0,1,1,9,9,9,1,17,0
A,19,0x0400000000004000,1690492269,1690492269,0,1,3,eth:ipv4:tcp,40:06:d5:ed:7d:02,5c:e9:1e:6a:fd:c6,0x0800,,107.155.56.246,us,Zenlayer Inc,36614,134.190.181.17,ca,Dalhousie University,3306,6,0x00,1,40:06:d5:ed:7d:02_5c:e9:1e:6a:fd:c6_1,-_-,3306,mysql,1,0,0,0,0,0,0,0,0,0,0,0,0,0,1,0,0x0011,65535,0,254,254,0,0x00,0x0000,0,0x00_0x00000000,0_0,0x00000000_0x00000000,3491476446,0,0,0,0,0,0,0,28240,28240,28240,28240,0,0,0,0,0x0002,0x1000,1,1,0x00000004,1380,0,0x0000,0x00,0,0x00,0,0,0,0,0,0,65535,0,0,0,0,0,0x03,0x00,0,0x00000000_0x00000000_0x0000,0x00000000,0,0,1,1,8,8,8,1,17,0
A,20,0x0400000000004000,1690492273,1690492273,0,1,3,eth:ipv4:tcp,40:06:d5:ed:7d:02,5c:e9:1e:6a:fd:c6,0x0800,,107.155.56.246,us,Zenlayer Inc,40982,134.190.181.17,ca,Dalhousie University,3306,6,0x00,1,40:06:d5:ed:7d:02_5c:e9:1e:6a:fd:c6_1,-_-,3306,mysql,1,0,0,0,0,0,0,0,0,0,0,0,0,0,1,0,0x0011,65535,0,254,254,0,0x00,0x0000,0,0x00_0x00000000,0_0,0x00000000_0x00000000,1084636947,0,0,0,0,0,0,0,28240,28240,28240,28240,0,0,0,0,0x0002,0x1000,1,1,0x00000004,1380,0,0x0000,0x00,0,0x00,0,0,0,0,0,0,65535,0,0,0,0,0,0x03,0x00,0,0x00000000_0x00000000_0x0000,0x00000000,0,0,1,1,7,7,7,1,17,0
A,21,0x0400000000004000,1690492278,1690492278,0,1,3,eth:ipv4:tcp,40:06:d5:ed:7d:02,5c:e9:1e:6a:fd:c6,0x0800,,107.155.56.246,us,Zenlayer Inc,45484,134.190.181.17,ca,Dalhousie University,3306,6,0x00,1,40:06:d5:ed:7d:02_5c:e9:1e:6a:fd:c6_1,-_-,3306,mysql,1,0,0,0,0,0,0,0,0,0,0,0,0,0,1,0,0x0011,65535,0,254,254,0,0x00,0x0000,0,0x00_0x00000000,0_0,0x00000000_0x00000000,1799538386,0,0,0,0,0,0,0,28240,28240,28240,28240,0,0,0,0,0x0002,0x1000,1,1,0x00000004,1380,0,0x0000,0x00,0,0x00,0,0,0,0,0,0,65535,0,0,0,0,0,0x03,0x00,0,0x00000000_0x00000000_0x0000,0x00000000,0,0,1,1,6,6,6,1,17,0
A,22,0x0400000000004000,1690492282,1690492282,0,1,3,eth:ipv4:tcp,40:06:d5:ed:7d:02,5c:e9:1e:6a:fd:c6,0x0800,,107.155.56.246,us,Zenlayer Inc,50388,134.190.181.17,ca,Dalhousie University,3306,6,0x00,1,40:06:d5:ed:7d:02_5c:e9:1e:6a:fd:c6_1,-_-,3306,mysql,1,0,0,0,0,0,0,0,0,0,0,0,0,0,1,0,0x0011,65535,0,254,254,0,0x00,0x0000,0,0x00_0x00000000,0_0,0x00000000_0x00000000,336371942,0,0,0,0,0,0,0,28240,28240,28240,28240,0,0,0,0,0x0002,0x1000,1,1,0x00000004,1380,0,0x0000,0x00,0,0x00,0,0,0,0,0,0,65535,0,0,0,0,0,0x03,0x00,0,0x00000000_0x00000000_0x0000,0x00000000,0,0,1,1,5,5,5,1,17,0
A,23,0x0400000000004000,1690492286,1690492286,0,1,3,eth:ipv4:tcp,40:06:d5:ed:7d:02,5c:e9:1e:6a:fd:c6,0x0800,,107.155.56.246,us,Zenlayer Inc,54196,134.190.181.17,ca,Dalhousie University,3306,6,0x00,1,40:06:d5:ed:7d:02_5c:e9:1e:6a:fd:c6_1,-_-,3306,mysql,1,0,0,0,0,0,0,0,0,0,0,0,0,0,1,0,0x0011,65535,0,254,254,0,0x00,0x0000,0,0x00_0x00000000,0_0,0x00000000_0x00000000,470967084,0,0,0,0,0,0,0,28240,28240,28240,28240,0,0,0,0,0x0002,0x1000,1,1,0x00000004,1380,0,0x0000,0x00,0,0x00,0,0,0,0,0,0,65535,0,0,0,0,0,0x03,0x00,0,0x00000000_0x00000000_0x0000,0x00000000,0,0,1,1,4,4,4,1,17,0
A,24,0x0400000000004000,1690492291,1690492291,0,1,3,eth:ipv4:tcp,40:06:d5:ed:7d:02,5c:e9:1e:6a:fd:c6,0x0800,,107.155.56.246,us,Zenlayer Inc,58614,134.190.181.17,ca,Dalhousie University,3306,6,0x00,1,40:06:d5:ed:7d:02_5c:e9:1e:6a:fd:c6_1,-_-,3306,mysql,1,0,0,0,0,0,0,0,0,0,0,0,0,0,1,0,0x0011,65535,0,254,254,0,0x00,0x0000,0,0x00_0x00000000,0_0,0x00000000_0x00000000,3220658079,0,0,0,0,0,0,0,28240,28240,28240,28240,0,0,0,0,0x0002,0x1000,1,1,0x00000004,1380,0,0x0000,0x00,0,0x00,0,0,0,0,0,0,65535,0,0,0,0,0,0x03,0x00,0,0x00000000_0x00000000_0x0000,0x00000000,0,0,1,1,3,3,3,1,17,0
A,25,0x0400000000004000,1690492295,1690492295,0,1,3,eth:ipv4:tcp,40:06:d5:ed:7d:02,5c:e9:1e:6a:fd:c6,0x0800,,107.155.56.246,us,Zenlayer Inc,34988,134.190.181.17,ca,Dalhousie University,3306,6,0x00,1,40:06:d5:ed:7d:02_5c:e9:1e:6a:fd:c6_1,-_-,3306,mysql,1,0,0,0,0,0,0,0,0,0,0,0,0,0,1,0,0x0011,65535,0,254,254,0,0x00,0x0000,0,0x00_0x00000000,0_0,0x00000000_0x00000000,326155583,0,0,0,0,0,0,0,28240,28240,28240,28240,0,0,0,0,0x0002,0x1000,1,1,0x00000004,1380,0,0x0000,0x00,0,0x00,0,0,0,0,0,0,65535,0,0,0,0,0,0x03,0x00,0,0x00000000_0x00000000_0x0000,0x00000000,0,0,1,1,2,2,2,1,17,0
A,26,0x0400000000004000,1690492300,1690492300,0,1,3,eth:ipv4:tcp,40:06:d5:ed:7d:02,5c:e9:1e:6a:fd:c6,0x0800,,107.155.56.246,us,Zenlayer Inc,39102,134.190.181.17,ca,Dalhousie University,3306,6,0x00,1,40:06:d5:ed:7d:02_5c:e9:1e:6a:fd:c6_1,-_-,3306,mysql,1,0,0,0,0,0,0,0,0,0,0,0,0,0,1,0,0x0011,65535,0,254,254,0,0x00,0x0000,0,0x00_0x00000000,0_0,0x00000000_0x00000000,1002378358,0,0,0,0,0,0,0,28240,28240,28240,28240,0,0,0,0,0x0002,0x1000,1,1,0x00000004,1380,0,0x0000,0x00,0,0x00,0,0,0,0,0,0,65535,0,0,0,0,0,0x03,0x00,0,0x00000000_0x00000000_0x0000,0x00000000,0,0,1,1,1,1,1,1,17,0
A,27,0x0400000000004000,1690492430,1690492437,7.006802,1,3,eth:ipv4:udp,5c:e9:1e:6a:fd:c6,01:00:5e:00:00:fb,0x0800,,134.190.181.17,ca,Dalhousie University,5353,224.0.0.251,10,mDNS,5353,17,0x00,1,5c:e9:1e:6a:fd:c6_01:00:5e:00:00:fb_4,#NAME?,5353,mdns,4,0,688,0,172,172,172,0,0,4.002885,1.751701,1.257074,0.5708739,98.1903,1,1,0x0001,20119,40743,255,255,0,0x00,0x0004,0,0x00_0x00000000,0_0,0x00000000_0x00000000,0,0,0,0,0,0,0,0,0,0,0,0,0,0,0,0,0x0000,0x0000,0,0,0x00000000,0,0,0x0000,0x00,0,0x00,0,0,0,0,0,0,65535,0,0,0,0,0,0x00,0x00,0,0x00000000_0x00000000_0x0000,0x00000000,0,0,2,1,1,1,0.5,1,3512,672009
A,28,0x0800000000008000,1690492430,1690492437,7.006814,1,3,eth:ipv6:udp,5c:e9:1e:6a:fd:c6,33:33:00:00:00:fb,0x86dd,,fe80::c2d:9af7:9b0e:beae,2,Link-local,5353,ff02::fb,10,mDNSv6,5353,17,0x00,1,5c:e9:1e:6a:fd:c6_33:33:00:00:00:fb_4,#NAME?,5353,mdns,4,0,688,0,172,172,172,0,0,4.002881,1.751704,1.257071,0.5708728,98.19013,1,1,0x0001,65535,0,255,255,0,0x00,0x0000,0,0x00_0x00000000,0_0,0x00000000_0x00000000,0,0,0,0,0,0,0,0,0,0,0,0,0,0,0,0,0x0000,0x0000,0,0,0x00000000,0,0,0x0000,0x00,0,0x00,0,0,0,0,0,0,65535,0,0,0,0,0,0x00,0x00,0,0x00000000_0x00000000_0x0000,0x00000000,0,0,1,1,1,1,1,1,21,688
A,29,0x0400000000004000,1690492522,1690492522,0,1,3,eth:ipv4:udp,40:06:d5:ed:7d:02,5c:e9:1e:6a:fd:c6,0x0800,,167.58.122.43,uy,Administracion Nacional de Tel,55699,134.190.181.17,ca,Dalhousie University,41768,17,0x00,1,40:06:d5:ed:7d:02_5c:e9:1e:6a:fd:c6_1,-_-,41768,unknown,1,0,1024,0,1024,1024,1024,0,0,0,0,0,0,0,1,1,0x0001,65535,0,48,48,0,0x00,0x0000,0,0x00_0x00000000,0_0,0x00000000_0x00000000,0,0,0,0,0,0,0,0,0,0,0,0,0,0,0,0,0x0000,0x0000,0,0,0x00000000,0,0,0x0000,0x00,0,0x00,0,0,0,0,0,0,65535,0,0,0,0,0,0x00,0x00,0,0x00000000_0x00000000_0x0000,0x00000000,0,0,1,2,1,1,1,1,4,1024
A,31,0x0400000000004000,1690492593,1690492593,0,1,3,eth:ipv4:udp,40:06:d5:ed:7d:02,5c:e9:1e:6a:fd:c6,0x0800,,50.116.44.58,us,Linode,40959,134.190.181.17,ca,Dalhousie University,21026,17,0x00,1,40:06:d5:ed:7d:02_5c:e9:1e:6a:fd:c6_1,-_-,21026,unknown,1,0,25,0,25,25,25,0,0,0,0,0,0,0,1,1,0x0001,65535,0,243,243,0,0x00,0x0800,0,0x00_0x00000000,0_0,0x00000000_0x00000000,0,0,0,0,0,0,0,0,0,0,0,0,0,0,0,0,0x0000,0x0000,0,0,0x00000000,0,0,0x0000,0x00,0,0x00,0,0,0,0,0,0,65535,0,0,0,0,0,0x00,0x00,0,0x00000000_0x00000000_0x0000,0x00000000,0,0,1,1,1,1,1,1,1,25
A,32,0x0400000000004000,1690492674,1690492674,0,1,3,eth:ipv4:udp,5c:e9:1e:6a:fd:c6,40:06:d5:ed:7d:02,0x0800,,134.190.181.17,ca,Dalhousie University,68,172.30.100.203,5,Private network,67,17,0x00,1,5c:e9:1e:6a:fd:c6_40:06:d5:ed:7d:02_1,-_-,67,bootps,1,1,300,300,300,300,300,0,0,0,0,0,0,0,0,0,0x0001,65535,0,64,64,0,0x00,0x0000,0,0x00_0x00000000,0_0,0x00000000_0x00000000,0,0,0,0,0,0,0,0,0,0,0,0,0,0,0,0,0x0000,0x0000,0,0,0x00000000,0,0,0x0000,0x00,0,0x00,0,0,0,0,0,0.01031603,0.01031603,0.01031603,0.01031603,0,0.01031603,0,0x00,0x00,0,0x00000000_0x00000000_0x0000,0x00000000,0,0,2,1,2,2,1,1,4436,855423
B,32,0x0400000000004001,1690492674,1690492674,0,1,3,eth:ipv4:udp,40:06:d5:ed:7d:02,5c:e9:1e:6a:fd:c6,0x0800,,172.30.100.203,5,Private network,67,134.190.181.17,ca,Dalhousie University,68,17,0x00,1,40:06:d5:ed:7d:02_5c:e9:1e:6a:fd:c6_1,-_-,67,bootps,1,1,300,300,300,300,300,0,0,0,0,0,0,0,0,0,0x0001,65535,0,63,63,0,0x00,0x0040,0,0x00_0x00000000,0_0,0x00000000_0x00000000,0,0,0,0,0,0,0,0,0,0,0,0,0,0,0,0,0x0000,0x0000,0,0,0x00000000,0,0,0x0000,0x00,0,0x00,0,0,0,0,0,0,65535,0,0,0,0.01031603,0,0x00,0x00,0,0x00000000_0x00000000_0x0000,0x00000000,0,0,1,2,1,1,1,1,2,600
A,33,0x0400000000004000,1690492855,1690492855,0,1,3,eth:ipv4:igmp,40:06:d5:ed:7d:02,01:00:5e:00:00:01,0x0800,,134.190.144.1,ca,Dalhousie University,0,224.0.0.1,10,All Systems on this Subnet,0,2,0x00,1,40:06:d5:ed:7d:02_01:00:5e:00:00:01_1,#NAME?,0,unknown,1,0,0,0,0,0,0,0,0,0,0,0,0,0,1,0,0x0001,65535,0,1,1,0,0xc0,0x0000,1,0x80_0x00100000,0_0,0x00000000_0x00000000,0,0,0,0,0,0,0,0,0,0,0,0,0,0,0,0,0x0000,0x0000,0,0,0x00000000,0,0,0x0000,0x00,0,0x00,0,0,0,0,0,0,65535,0,0,0,0,0,0x00,0x00,0,0x00000000_0x00000000_0x0000,0x00000000,0,0,1,7,1,1,1,1,2,25
A,36,0x0400000000004000,1690493070,1690493070,0,1,3,eth:ipv4:tcp,40:06:d5:ed:7d:02,5c:e9:1e:6a:fd:c6,0x0800,,193.163.125.64,nl,Not allocated by APNIC,52473,134.190.181.17,ca,Dalhousie University,8061,6,0x00,1,40:06:d5:ed:7d:02_5c:e9:1e:6a:fd:c6_1,-_-,8061,unknown,1,0,0,0,0,0,0,0,0,0,0,0,0,0,1,0,0x0011,65535,0,240,240,0,0x08,0x0000,0,0x00_0x00000000,0_0,0x00000000_0x00000000,4153272283,0,0,0,0,0,0,0,14600,14600,14600,14600,0,0,0,0,0x0002,0x1000,1,1,0x00000004,1380,0,0x0000,0x00,0,0x00,0,0,0,0,0,0,65535,0,0,0,0,0,0x03,0x00,0,0x00000000_0x00000000_0x0000,0x00000000,0,0,1,1,1,1,1,1,3,25
A,34,0x0400000000004000,1690493014,1690493064,49.709115,1,3,eth:ipv4:udp,5c:e9:1e:6a:fd:c6,01:00:5e:00:00:fb,0x0800,,134.190.181.17,ca,Dalhousie University,5353,224.0.0.251,10,mDNS,5353,17,0x00,1,5c:e9:1e:6a:fd:c6_01:00:5e:00:00:fb_4,#NAME?,5353,mdns,4,0,669,0,33,347,167.25,100.9126,0,49.50896,12.42728,17.60056,0.08046814,13.4583,1,1,0x0001,38578,13247,255,255,0,0x00,0x0004,0,0x00_0x00000000,0_0,0x00000000_0x00000000,0,0,0,0,0,0,0,0,0,0,0,0,0,0,0,0,0x0000,0x0000,0,0,0x00000000,0,0,0x0000,0x00,0,0x00,0,0,0,0,0,0,65535,0,0,0,0,0,0x00,0x00,0,0x00000000_0x00000000_0x0000,0x00000000,0,0,2,1,1,1,0.5,1,6024,1166510
A,35,0x0800000000008000,1690493014,1690493064,49.709098,1,3,eth:ipv6:udp,5c:e9:1e:6a:fd:c6,33:33:00:00:00:fb,0x86dd,,fe80::c2d:9af7:9b0e:beae,2,Link-local,5353,ff02::fb,10,mDNSv6,5353,17,0x00,1,5c:e9:1e:6a:fd:c6_33:33:00:00:00:fb_4,#NAME?,5353,mdns,4,0,669,0,33,347,167.25,100.9126,0,49.50895,12.42727,17.60055,0.08046816,13.4583,1,1,0x0001,65535,0,255,255,0,0x00,0x0000,0,0x00_0x00000000,0_0,0x00000000_0x00000000,0,0,0,0,0,0,0,0,0,0,0,0,0,0,0,0,0x0000,0x0000,0,0,0x00000000,0,0,0x0000,0x00,0,0x00,0,0,0,0,0,0,65535,0,0,0,0,0,0x00,0x00,0,0x00000000_0x00000000_0x0000,0x00000000,0,0,1,1,1,1,1,1,8,1693
A,37,0x0400000000004000,1690493259,1690493259,0,1,3,eth:ipv4:udp,5c:e9:1e:6a:fd:c6,01:00:5e:00:00:fb,0x0800,,134.190.181.17,ca,Dalhousie University,5353,224.0.0.251,10,mDNS,5353,17,0x00,1,5c:e9:1e:6a:fd:c6_01:00:5e:00:00:fb_1,#NAME?,5353,mdns,1,0,338,0,338,338,338,0,0,0,0,0,0,0,1,1,0x0001,65535,0,255,255,0,0x00,0x0000,0,0x00_0x00000000,0_0,0x00000000_0x00000000,0,0,0,0,0,0,0,0,0,0,0,0,0,0,0,0,0x0000,0x0000,0,0,0x00000000,0,0,0x0000,0x00,0,0x00,0,0,0,0,0,0,65535,0,0,0,0,0,0x00,0x00,0,0x00000000_0x00000000_0x0000,0x00000000,0,0,2,1,1,1,0.5,1,6773,1315871
A,38,0x0800000000008000,1690493259,1690493259,0,1,3,eth:ipv6:udp,5c:e9:1e:6a:fd:c6,33:33:00:00:00:fb,0x86dd,,fe80::c2d:9af7:9b0e:beae,2,Link-local,5353,ff02::fb,10,mDNSv6,5353,17,0x00,1,5c:e9:1e:6a:fd:c6_33:33:00:00:00:fb_1,#NAME?,5353,mdns,1,0,338,0,338,338,338,0,0,0,0,0,0,0,1,1,0x0001,65535,0,255,255,0,0x00,0x0000,0,0x00_0x00000000,0_0,0x00000000_0x00000000,0,0,0,0,0,0,0,0,0,0,0,0,0,0,0,0,0x0000,0x0000,0,0,0x00000000,0,0,0x0000,0x00,0,0x00,0,0,0,0,0,0,65535,0,0,0,0,0,0x00,0x00,0,0x00000000_0x00000000_0x0000,0x00000000,0,0,1,1,1,1,1,1,9,2031
A,30,0x0400000000004000,1690492557,1690493277,719.979367,1,3,eth:ipv4:igmp,40:06:d5:ed:7d:02,01:00:5e:00:00:01,0x0800,,134.190.172.1,ca,Dalhousie University,0,224.0.0.1,10,All Systems on this Subnet,0,2,0x00,1,40:06:d5:ed:7d:02_01:00:5e:00:00:01_11,#NAME?,0,unknown,11,0,0,0,0,0,0,0,0,180.0206,65.45267,28.93877,0.01527822,0,1,0,0x0001,2222,8292,1,1,0,0xc0,0x0004,11,0x80_0x00100000,0_0,0x00000000_0x00000000,0,0,0,0,0,0,0,0,0,0,0,0,0,0,0,0,0x0000,0x0000,0,0,0x00000000,0,0,0x0000,0x00,0,0x00,0,0,0,0,0,0,65535,0,0,0,0,0,0x00,0x00,0,0x00000000_0x00000000_0x0000,0x00000000,0,0,1,6,1,1,1,1,13,0
A,39,0x0400000000004000,1690493379,1690493379,0,1,3,eth:ipv4:tcp,40:06:d5:ed:7d:02,5c:e9:1e:6a:fd:c6,0x0800,,35.203.211.9,us,Google LLC,53233,134.190.181.17,ca,Dalhousie University,34407,6,0x00,1,40:06:d5:ed:7d:02_5c:e9:1e:6a:fd:c6_1,-_-,34407,unknown,1,0,0,0,0,0,0,0,0,0,0,0,0,0,1,0,0x0011,65535,0,254,254,0,0x00,0x0000,0,0x00_0x00000000,0_0,0x00000000_0x00000000,223046904,0,0,0,0,0,0,0,1200,1200,1200,1200,0,0,0,0,0x0002,0x1000,1,1,0x00000004,1380,0,0x0000,0x00,0,0x00,0,0,0,0,0,0,65535,0,0,0,0,0,0x03,0x00,0,0x00000000_0x00000000_0x0000,0x00000000,0,0,1,1,1,1,1,1,4,25
A,40,0x0400000000004000,1690493452,1690493459,7.006031,1,3,eth:ipv4:udp,5c:e9:1e:6a:fd:c6,01:00:5e:00:00:fb,0x0800,,134.190.181.17,ca,Dalhousie University,5353,224.0.0.251,10,mDNS,5353,17,0x00,1,5c:e9:1e:6a:fd:c6_01:00:5e:00:00:fb_4,#NAME?,5353,mdns,4,0,688,0,172,172,172,0,0,4.002285,1.751508,1.256681,0.5709367,98.2011,1,1,0x0001,5400,5400,255,255,0,0x00,0x0004,0,0x00_0x00000000,0_0,0x00000000_0x00000000,0,0,0,0,0,0,0,0,0,0,0,0,0,0,0,0,0x0000,0x0000,0,0,0x00000000,0,0,0x0000,0x00,0,0x00,0,0,0,0,0,0,65535,0,0,0,0,0,0x00,0x00,0,0x00000000_0x00000000_0x0000,0x00000000,0,0,3,1,1,1,0.3333333,1,7563,1465007
A,41,0x0800000000008000,1690493452,1690493459,7.00602,1,3,eth:ipv6:udp,5c:e9:1e:6a:fd:c6,33:33:00:00:00:fb,0x86dd,,fe80::c2d:9af7:9b0e:beae,2,Link-local,5353,ff02::fb,10,mDNSv6,5353,17,0x00,1,5c:e9:1e:6a:fd:c6_33:33:00:00:00:fb_4,#NAME?,5353,mdns,4,0,688,0,172,172,172,0,0,4.002297,1.751505,1.256683,0.5709376,98.20126,1,1,0x0001,65535,0,255,255,0,0x00,0x0000,0,0x00_0x00000000,0_0,0x00000000_0x00000000,0,0,0,0,0,0,0,0,0,0,0,0,0,0,0,0,0x0000,0x0000,0,0,0x00000000,0,0,0x0000,0x00,0,0x00,0,0,0,0,0,0,65535,0,0,0,0,0,0x00,0x00,0,0x00000000_0x00000000_0x0000,0x00000000,0,0,1,1,1,1,1,1,13,2719
A,42,0x0400000000004000,1690493552,1690493552,0,1,3,eth:ipv4:tcp,40:06:d5:ed:7d:02,5c:e9:1e:6a:fd:c6,0x0800,,108.167.178.116,us,WEBSITEWELCOMECOM,60000,134.190.181.17,ca,Dalhousie University,5405,6,0x00,1,40:06:d5:ed:7d:02_5c:e9:1e:6a:fd:c6_1,-_-,5405,netsupport,1,0,0,0,0,0,0,0,0,0,0,0,0,0,1,0,0x0011,65535,0,254,254,0,0x00,0x0000,0,0x00_0x00000000,0_0,0x00000000_0x00000000,893860863,0,0,0,0,0,0,0,600,600,600,600,0,0,0,0,0x0002,0x1000,1,1,0x00000004,536,0,0x0000,0x00,0,0x00,0,0,0,0,0,0,65535,0,0,0,0,0,0x03,0x00,0,0x00000000_0x00000000_0x0000,0x00000000,0,0,1,1,1,1,1,1,5,25
A,43,0x0400000000004000,1690493574,1690493574,0,1,3,eth:ipv4:udp,5c:e9:1e:6a:fd:c6,40:06:d5:ed:7d:02,0x0800,,134.190.181.17,ca,Dalhousie University,68,172.30.100.203,5,Private network,67,17,0x00,1,5c:e9:1e:6a:fd:c6_40:06:d5:ed:7d:02_1,-_-,67,bootps,1,1,300,300,300,300,300,0,0,0,0,0,0,0,0,0,0x0001,65535,0,64,64,0,0x00,0x0000,0,0x00_0x00000000,0_0,0x00000000_0x00000000,0,0,0,0,0,0,0,0,0,0,0,0,0,0,0,0,0x0000,0x0000,0,0,0x00000000,0,0,0x0000,0x00,0,0x00,0,0,0,0,0,0.005441024,0.005441024,0.005441024,0.005441024,0,0.005441024,0,0x00,0x00,0,0x00000000_0x00000000_0x0000,0x00000000,0,0,2,1,2,2,1,1,8060,1563954
B,43,0x0400000000004001,1690493574,1690493574,0,1,3,eth:ipv4:udp,40:06:d5:ed:7d:02,5c:e9:1e:6a:fd:c6,0x0800,,172.30.100.203,5,Private network,67,134.190.181.17,ca,Dalhousie University,68,17,0x00,1,40:06:d5:ed:7d:02_5c:e9:1e:6a:fd:c6_1,-_-,67,bootps,1,1,300,300,300,300,300,0,0,0,0,0,0,0,0,0,0x0001,65535,0,63,63,0,0x00,0x0040,0,0x00_0x00000000,0_0,0x00000000_0x00000000,0,0,0,0,0,0,0,0,0,0,0,0,0,0,0,0,0x0000,0x0000,0,0,0x00000000,0,0,0x0000,0x00,0,0x00,0,0,0,0,0,0,65535,0,0,0,0.005441024,0,0x00,0x00,0,0x00000000_0x00000000_0x0000,0x00000000,0,0,1,2,1,1,1,1,3,900
A,44,0x0400000000004000,1690493883,1690493883,0,1,3,eth:ipv4:tcp,40:06:d5:ed:7d:02,5c:e9:1e:6a:fd:c6,0x0800,,77.90.185.143,de,MNT-RAPIDNET,46570,134.190.181.17,ca,Dalhousie University,29031,6,0x00,1,40:06:d5:ed:7d:02_5c:e9:1e:6a:fd:c6_1,-_-,29031,unknown,1,0,0,0,0,0,0,0,0,0,0,0,0,0,1,0,0x0011,65535,0,254,254,0,0x00,0x0000,0,0x00_0x00000000,0_0,0x00000000_0x00000000,2958532341,0,0,0,0,0,0,0,29200,29200,29200,29200,0,0,0,0,0x0002,0x1000,1,1,0x00000004,1380,0,0x0000,0x00,0,0x00,0,0,0,0,0,0,65535,0,0,0,0,0,0x03,0x00,0,0x00000000_0x00000000_0x0000,0x00000000,0,0,1,1,1,1,1,1,6,25
A,48,0x0400000000004000,1690494474,1690494474,0,1,3,eth:ipv4:udp,5c:e9:1e:6a:fd:c6,40:06:d5:ed:7d:02,0x0800,,134.190.181.17,ca,Dalhousie University,68,172.30.100.203,5,Private network,67,17,0x00,1,5c:e9:1e:6a:fd:c6_40:06:d5:ed:7d:02_1,-_-,67,bootps,1,1,300,300,300,300,300,0,0,0,0,0,0,0,0,0,0x0001,65535,0,64,64,0,0x00,0x0000,0,0x00_0x00000000,0_0,0x00000000_0x00000000,0,0,0,0,0,0,0,0,0,0,0,0,0,0,0,0,0x0000,0x0000,0,0,0x00000000,0,0,0x0000,0x00,0,0x00,0,0,0,0,0,0.004958016,0.004958016,0.004958016,0.004958016,0,0.004958016,0,0x00,0x00,0,0x00000000_0x00000000_0x0000,0x00000000,0,0,3,1,2,2,0.6666667,1,11744,2270603
B,48,0x0400000000004001,1690494474,1690494474,0,1,3,eth:ipv4:udp,40:06:d5:ed:7d:02,5c:e9:1e:6a:fd:c6,0x0800,,172.30.100.203,5,Private network,67,134.190.181.17,ca,Dalhousie University,68,17,0x00,1,40:06:d5:ed:7d:02_5c:e9:1e:6a:fd:c6_1,-_-,67,bootps,1,1,300,300,300,300,300,0,0,0,0,0,0,0,0,0,0x0001,65535,0,63,63,0,0x00,0x0040,0,0x00_0x00000000,0_0,0x00000000_0x00000000,0,0,0,0,0,0,0,0,0,0,0,0,0,0,0,0,0x0000,0x0000,0,0,0x00000000,0,0,0x0000,0x00,0,0x00,0,0,0,0,0,0,65535,0,0,0,0.004958016,0,0x00,0x00,0,0x00000000_0x00000000_0x0000,0x00000000,0,0,1,3,1,1,1,1,4,1200
A,46,0x0400000000004000,1690494470,1690494477,7.006111,1,3,eth:ipv4:udp,5c:e9:1e:6a:fd:c6,01:00:5e:00:00:fb,0x0800,,134.190.181.17,ca,Dalhousie University,5353,224.0.0.251,10,mDNS,5353,17,0x00,1,5c:e9:1e:6a:fd:c6_01:00:5e:00:00:fb_4,#NAME?,5353,mdns,4,0,688,0,172,172,172,0,0,4.001653,1.751528,1.256504,0.5709301,98.19998,1,1,0x0001,58175,0,255,255,0,0x00,0x0004,0,0x00_0x00000000,0_0,0x00000000_0x00000000,0,0,0,0,0,0,0,0,0,0,0,0,0,0,0,0,0x0000,0x0000,0,0,0x00000000,0,0,0x0000,0x00,0,0x00,0,0,0,0,0,0,65535,0,0,0,0,0,0x00,0x00,0,0x00000000_0x00000000_0x0000,0x00000000,0,0,2,1,1,1,0.5,1,11754,2272436
A,47,0x0800000000008000,1690494470,1690494477,7.00605,1,3,eth:ipv6:udp,5c:e9:1e:6a:fd:c6,33:33:00:00:00:fb,0x86dd,,fe80::c2d:9af7:9b0e:beae,2,Link-local,5353,ff02::fb,10,mDNSv6,5353,17,0x00,1,5c:e9:1e:6a:fd:c6_33:33:00:00:00:fb_4,#NAME?,5353,mdns,4,0,688,0,172,172,172,0,0,4.001632,1.751513,1.256504,0.5709351,98.20084,1,1,0x0001,65535,0,255,255,0,0x00,0x0000,0,0x00_0x00000000,0_0,0x00000000_0x00000000,0,0,0,0,0,0,0,0,0,0,0,0,0,0,0,0,0x0000,0x0000,0,0,0x00000000,0,0,0x0000,0x00,0,0x00,0,0,0,0,0,0,65535,0,0,0,0,0,0x00,0x00,0,0x00000000_0x00000000_0x0000,0x00000000,0,0,1,1,1,1,1,1,17,3407
A,51,0x0400000000004000,1690494747,1690494747,0,1,3,eth:ipv4:tcp,40:06:d5:ed:7d:02,5c:e9:1e:6a:fd:c6,0x0800,,37.221.173.238,ro,VOXILITY-MNT,36982,134.190.181.17,ca,Dalhousie University,3128,6,0x00,1,40:06:d5:ed:7d:02_5c:e9:1e:6a:fd:c6_1,-_-,3128,ndl-aas,1,0,0,0,0,0,0,0,0,0,0,0,0,0,1,0,0x0011,65535,0,114,114,0,0x00,0x0040,0,0x00_0x00000000,0_0,0x00000000_0x00000000,1956731045,0,0,0,0,0,0,0,8192,8192,8192,8192,0,0,0,0,0x0002,0x1000,0,0,0x00000000,0,0,0x0000,0x00,0,0x00,0,0,0,0,0,0,65535,0,0,0,0,0,0x03,0x00,0,0x00000000_0x00000000_0x0000,0x00000000,0,0,1,2,1,1,1,1,22,688
A,52,0x0400000000004000,1690494836,1690494836,0,1,3,eth:ipv4:tcp,40:06:d5:ed:7d:02,5c:e9:1e:6a:fd:c6,0x0800,,193.163.125.49,nl,Not allocated by APNIC,58105,134.190.181.17,ca,Dalhousie University,58291,6,0x00,1,40:06:d5:ed:7d:02_5c:e9:1e:6a:fd:c6_1,-_-,58291,unknown,1,0,0,0,0,0,0,0,0,0,0,0,0,0,1,0,0x0011,65535,0,240,240,0,0x08,0x0000,0,0x00_0x00000000,0_0,0x00000000_0x00000000,2711399746,0,0,0,0,0,0,0,14600,14600,14600,14600,0,0,0,0,0x0002,0x1000,1,1,0x00000004,1380,0,0x0000,0x00,0,0x00,0,0,0,0,0,0,65535,0,0,0,0,0,0x03,0x00,0,0x00000000_0x00000000_0x0000,0x00000000,0,0,1,2,1,1,1,1,1,0
A,50,0x0400000000004000,1690494717,1690494837,120.013334,1,3,eth:ipv4:igmp,40:06:d5:ed:7d:02,01:00:5e:00:00:01,0x0800,,134.190.186.1,ca,Dalhousie University,0,224.0.0.1,10,All Systems on this Subnet,0,2,0x00,1,40:06:d5:ed:7d:02_01:00:5e:00:00:01_3,#NAME?,0,unknown,3,0,0,0,0,0,0,0,0,60.00678,40.00444,20.81896,0.02499722,0,1,0,0x0001,2198,2318,1,1,0,0xc0,0x0000,3,0x80_0x00100000,0_0,0x00000000_0x00000000,0,0,0,0,0,0,0,0,0,0,0,0,0,0,0,0,0x0000,0x0000,0,0,0x00000000,0,0,0x0000,0x00,0,0x00,0,0,0,0,0,0,65535,0,0,0,0,0,0x00,0x00,0,0x00000000_0x00000000_0x0000,0x00000000,0,0,1,8,1,1,1,1,16,0
A,53,0x0400000000004000,1690494912,1690494912,0,1,3,eth:ipv4:udp,40:06:d5:ed:7d:02,5c:e9:1e:6a:fd:c6,0x0800,,167.94.138.109,us,HonorHealth,52718,134.190.181.17,ca,Dalhousie University,1194,17,0x00,1,40:06:d5:ed:7d:02_5c:e9:1e:6a:fd:c6_1,-_-,1194,openvpn,1,0,14,0,14,14,14,0,0,0,0,0,0,0,1,1,0x0001,65535,0,36,36,0,0x00,0x0000,0,0x00_0x00000000,0_0,0x00000000_0x00000000,0,0,0,0,0,0,0,0,0,0,0,0,0,0,0,0,0x0000,0x0000,0,0,0x00000000,0,0,0x0000,0x00,0,0x00,0,0,0,0,0,0,65535,0,0,0,0,0,0x00,0x00,0,0x00000000_0x00000000_0x0000,0x00000000,0,0,1,2,1,1,1,1,23,702
A,54,0x0400000000004000,1690494989,1690494989,0,1,3,eth:ipv4:tcp,40:06:d5:ed:7d:02,5c:e9:1e:6a:fd:c6,0x0800,,178.32.43.185,fr,OVH-MNT,60000,134.190.181.17,ca,Dalhousie University,5805,6,0x00,1,40:06:d5:ed:7d:02_5c:e9:1e:6a:fd:c6_1,-_-,5805,unknown,1,0,0,0,0,0,0,0,0,0,0,0,0,0,1,0,0x0011,65535,0,254,254,0,0x00,0x0000,0,0x00_0x00000000,0_0,0x00000000_0x00000000,1078080369,0,0,0,0,0,0,0,600,600,600,600,0,0,0,0,0x0002,0x1000,1,1,0x00000004,536,0,0x0000,0x00,0,0x00,0,0,0,0,0,0,65535,0,0,0,0,0,0x03,0x00,0,0x00000000_0x00000000_0x0000,0x00000000,0,0,1,1,1,1,1,1,2,0
A,9,0x0000000000000044,1690491777,1690495287,3510.013626,1,2,eth:arp,40:06:d5:ed:7d:02,5c:e9:1e:6a:fd:c6,0x0806,,-,-,-,0,-,-,-,0,0,0x00,1,40:06:d5:ed:7d:02_5c:e9:1e:6a:fd:c6_40,-_-,0,unknown,40,0,1840,0,46,46,46,0,0,90.10818,87.75034,11.20675,0.01139597,0.5242145,1,1,0x0000,65535,0,0,0,0,0x00,0x0000,0,0x00_0x00000000,0_0,0x00000000_0x00000000,0,0,0,0,0,0,0,0,0,0,0,0,0,0,0,0,0x0000,0x0000,0,0,0x00000000,0,0,0x0000,0x00,0,0x00,0,0,0,0,0,0,65535,0,0,0,0,0,0x00,0x00,0,0x00000000_0x00000000_0x0000,0x00000000,0,0,0,0,0,0,0,0,0,0
A,2,0x0400000000004000,1690491769,1690495309,3539.990189,1,3,eth:ipv4:igmp,40:06:d5:ed:7d:02,01:00:5e:00:00:01,0x0800,,134.190.128.1,ca,Dalhousie University,0,224.0.0.1,10,All Systems on this Subnet,0,2,0x00,1,40:06:d5:ed:7d:02_01:00:5e:00:00:01_59,#NAME?,0,unknown,59,0,0,0,0,0,0,0,0,120.0137,59.99984,9.915861,0.01666671,0,1,0,0x0001,36506,5910,1,1,0,0xc0,0x0004,59,0x80_0x00100000,0_0,0x00000000_0x00000000,0,0,0,0,0,0,0,0,0,0,0,0,0,0,0,0,0x0000,0x0000,0,0,0x00000000,0,0,0x0000,0x00,0,0x00,0,0,0,0,0,0,65535,0,0,0,0,0,0x00,0x00,0,0x00000000_0x00000000_0x0000,0x00000000,0,0,1,7,1,1,1,1,59,0
A,4,0x0400000000004000,1690491776,1690495316,3539.986814,1,3,eth:ipv4:igmp,40:06:d5:ed:7d:02,01:00:5e:00:00:01,0x0800,,134.190.146.1,ca,Dalhousie University,0,224.0.0.1,10,All Systems on this Subnet,0,2,0x00,1,40:06:d5:ed:7d:02_01:00:5e:00:00:01_59,#NAME?,0,unknown,59,0,0,0,0,0,0,0,0,120.0136,59.99979,9.964059,0.01666673,0,1,0,0x0001,36484,7484,1,1,0,0xc0,0x0004,59,0x80_0x00100000,0_0,0x00000000_0x00000000,0,0,0,0,0,0,0,0,0,0,0,0,0,0,0,0,0x0000,0x0000,0,0,0x00000000,0,0,0x0000,0x00,0,0x00,0,0,0,0,0,0,65535,0,0,0,0,0,0x00,0x00,0,0x00000000_0x00000000_0x0000,0x00000000,0,0,1,6,1,1,1,1,59,0
A,5,0x0400000000004000,1690491776,1690495316,3539.988384,1,3,eth:ipv4:igmp,40:06:d5:ed:7d:02,01:00:5e:00:00:01,0x0800,,134.190.158.1,ca,Dalhousie University,0,224.0.0.1,10,All Systems on this Subnet,0,2,0x00,1,40:06:d5:ed:7d:02_01:00:5e:00:00:01_60,#NAME?,0,unknown,60,0,0,0,0,0,0,0,0,60.00998,58.99981,6.140097,0.01694921,0,1,0,0x0001,36487,4018,1,1,0,0xc0,0x0004,60,0x80_0x00100000,0_0,0x00000000_0x00000000,0,0,0,0,0,0,0,0,0,0,0,0,0,0,0,0,0x0000,0x0000,0,0,0x00000000,0,0,0x0000,0x00,0,0x00,0,0,0,0,0,0,65535,0,0,0,0,0,0x00,0x00,0,0x00000000_0x00000000_0x0000,0x00000000,0,0,1,5,1,1,1,1,60,0
A,45,0x0400000000004000,1690494117,1690495317,1199.926946,1,3,eth:ipv4:igmp,40:06:d5:ed:7d:02,01:00:5e:00:00:01,0x0800,,134.190.164.1,ca,Dalhousie University,0,224.0.0.1,10,All Systems on this Subnet,0,2,0x00,1,40:06:d5:ed:7d:02_01:00:5e:00:00:01_21,#NAME?,0,unknown,21,0,0,0,0,0,0,0,0,60.00708,57.13938,10.12779,0.01750107,0,1,0,0x0001,36516,4022,1,1,0,0xc0,0x0004,21,0x80_0x00100000,0_0,0x00000000_0x00000000,0,0,0,0,0,0,0,0,0,0,0,0,0,0,0,0,0x0000,0x0000,0,0,0x00000000,0,0,0x0000,0x00,0,0x00,0,0,0,0,0,0,65535,0,0,0,0,0,0x00,0x00,0,0x00000000_0x00000000_0x0000,0x00000000,0,0,1,4,1,1,1,1,27,25
A,49,0x0400000000004000,1690494717,1690495317,599.963748,1,3,eth:ipv4:igmp,40:06:d5:ed:7d:02,01:00:5e:00:00:01,0x0800,,134.190.176.1,ca,Dalhousie University,0,224.0.0.1,10,All Systems on this Subnet,0,2,0x00,1,40:06:d5:ed:7d:02_01:00:5e:00:00:01_11,#NAME?,0,unknown,11,0,0,0,0,0,0,0,0,60.00695,54.54216,13.518,0.01833444,0,1,0,0x0001,36517,4021,1,1,0,0xc0,0x0004,11,0x80_0x00100000,0_0,0x00000000_0x00000000,0,0,0,0,0,0,0,0,0,0,0,0,0,0,0,0,0x0000,0x0000,0,0,0x00000000,0,0,0x0000,0x00,0,0x00,0,0,0,0,0,0,65535,0,0,0,0,0,0x00,0x00,0,0x00000000_0x00000000_0x0000,0x00000000,0,0,1,3,1,1,1,1,28,3407
A,7,0x0400000000004000,1690491777,1690495317,3539.988106,1,3,eth:ipv4:igmp,40:06:d5:ed:7d:02,01:00:5e:00:00:01,0x0800,,134.190.180.1,ca,Dalhousie University,0,224.0.0.1,10,All Systems on this Subnet,0,2,0x00,1,40:06:d5:ed:7d:02_01:00:5e:00:00:01_60,#NAME?,0,unknown,60,0,0,0,0,0,0,0,0,60.01134,58.9998,6.14007,0.01694921,0,1,0,0x0001,36516,4022,1,1,0,0xc0,0x0004,60,0x80_0x00100000,0_0,0x00000000_0x00000000,0,0,0,0,0,0,0,0,0,0,0,0,0,0,0,0,0x0000,0x0000,0,0,0x00000000,0,0,0x0000,0x00,0,0x00,0,0,0,0,0,0,65535,0,0,0,0,0,0x00,0x00,0,0x00000000_0x00000000_0x0000,0x00000000,0,0,1,2,1,1,1,1,60,0
A,8,0x0400000000004000,1690491777,1690495317,3539.988106,1,3,eth:ipv4:igmp,40:06:d5:ed:7d:02,01:00:5e:00:00:01,0x0800,,134.190.182.1,ca,Dalhousie University,0,224.0.0.1,10,All Systems on this Subnet,0,2,0x00,1,40:06:d5:ed:7d:02_01:00:5e:00:00:01_60,#NAME?,0,unknown,60,0,0,0,0,0,0,0,0,60.01134,58.9998,6.140069,0.01694921,0,1,0,0x0001,36516,4022,1,1,0,0xc0,0x0004,60,0x80_0x00100000,0_0,0x00000000_0x00000000,0,0,0,0,0,0,0,0,0,0,0,0,0,0,0,0,0x0000,0x0000,0,0,0x00000000,0,0,0x0000,0x00,0,0x00,0,0,0,0,0,0,65535,0,0,0,0,0,0x00,0x00,0,0x00000000_0x00000000_0x0000,0x00000000,0,0,1,1,1,1,1,1,60,0
A,1,0x0400000000004000,1690491738,1690495336,3598.616454,1,3,eth:ipv4:udp,5c:e9:1e:6a:fd:c6,40:06:d5:ed:7d:02,0x0800,,134.190.181.17,ca,Dalhousie University,58358,162.159.192.4,au,Cloudflare,2408,17,0x00,1,5c:e9:1e:6a:fd:c6_40:06:d5:ed:7d:02_14528,-_-,2408,optimanet,14528,14233,2832579,6804301,32,1312,194.9738,167.0459,0,9.642102,0.2477023,0.5739833,4.037107,787.13,0.01025695,-0.4121377,0x0001,0,0,64,64,0,0x00,0x0040,0,0x00_0x00000000,0_0,0x00000000_0x00000000,0,0,0,0,0,0,0,0,0,0,0,0,0,0,0,0,0x0000,0x0000,0,0,0x00000000,0,0,0x0000,0x00,0,0x00,0,0,0,0,0,0.01908198,1.30E-05,9.519685,0.08875471,0.2639634,0.04068998,0,0x00,0x00,0,0x00000000_0x00000000_0x0000,0x00000000,0,0,1,1,2,2,2,1,14549,2836850
B,1,0x0400000000004001,1690491738,1690495336,3598.597102,1,3,eth:ipv4:udp,40:06:d5:ed:7d:02,5c:e9:1e:6a:fd:c6,0x0800,,162.159.192.4,au,Cloudflare,2408,134.190.181.17,ca,Dalhousie University,58358,17,0x00,1,40:06:d5:ed:7d:02_5c:e9:1e:6a:fd:c6_14233,-_-,2408,optimanet,14233,14528,6804301,2832579,16,1312,478.0651,442.8148,0,9.654649,0.252835,0.5948909,3.955152,1890.82,-0.01025695,0.4121377,0x0001,1,35956,57,57,0,0x00,0x4044,0,0x00_0x00000000,0_0,0x00000000_0x00000000,0,0,0,0,0,0,0,0,0,0,0,0,0,0,0,0,0x0000,0x0000,0,0,0x00000000,0,0,0x0000,0x00,0,0x00,0,0,0,0,0,0.021608,1.20E-05,9.617736,0.1912775,0.5688024,0.2800322,0.6270669,0x00,0x00,0,0x00000000_0x00000000_0x0000,0x00000000,0,0,1,1,1,1,1,1,14233,6804301
